epoch,train_loss,val_loss
1,-15.885040531724691,1.5235079603890578
2,-24.88051348876953,7.895950304695538
